"ID","Name","Description","Category","Style","Brand","Colours","Tags","Sizes"
"a6484a87-6daf-4406-935e-1252bc84cd1d","Allen Solly Men's Bomber Jacket","Allen Solly Men's bomber jacket in a stylish burnt orange color with white trim. The jacket is casual and trendy, perfect for everyday wear.  Made of polyester, the jacket is comfortable, stylish, and suitable for casual outings and events.  It has a classic bomber style, fitting well and complementing most styles of clothing.","Jackets","casual","Polo","Burnt Orange-Orange, White-White","Allen Solly, bomber, jacket, men's, casual, trendy, orange","XXXL, XXL, XL, L"
"569ff33f-6074-40bd-9eeb-6974f362ed67","Men's Black Leather Jacket","Men's black leather jacket. Casual style, everyday wear. Made of leather, with a black color.  It might have some light blue details, and is a suitable choice for everyday wear. This is a casual leather jacket with a versatile style that can be paired with different outfits. ","Jackets","casual","H&M","Black-Black, Light Blue-Blue","leather, black, men's, casual, jacket, bomber, everyday","XXXL, L, XS, XXL"
"a8db443c-9f85-4029-b862-ed05e7bcaef9","White Jacket with Black Accents","A stylish white jacket with black accents. This casual, sporty jacket features an oversized fit, graphic print, and zippers. It's a perfect choice for everyday wear or a casual outing. The jacket is primarily made of polyester, and the colors include 60% white and 40% black.","Jackets","Casual","Chanel","White-White, Black-Black","casual, sporty, athleisure, oversized, graphic print, zippers, black, white","L, XXXL, XL, M"
"8b341478-be99-44af-9a74-3e1c524c79e2","Men's Grey Plaid Blazer","Men's grey plaid blazer, suitable for formal and casual business events. It's made from cotton, featuring a stylish plaid pattern in grey and black, and has a formal style. The blazer is a classic piece, perfect for any man's wardrobe.","Jackets","formal","Uniqlo","Light Gray-Gray, Black-Black","blazer, men's, plaid, grey, formal, business, casual, cotton, checkered","XXL, XL, XXXL, L"
"dd2e1994-f644-4220-aab9-9cdbd77629f2","Ethnic Print Hoodie","This is a men's casual hoodie featuring an ethnic print design in shades of brown, red, and white.  The relaxed fit and long sleeves make it perfect for everyday wear. The cotton material and comfortable design make it suitable for casual outings.","Hoodies","casual","Zara","Crimson-Red, Indian Red-Red, Saddle Brown-Brown, White-White","hoodie, ethnic print, graphic print, casual, relaxed fit, long sleeve, men's","XS, XXXL, XXL, M"
"e46b0267-d4fd-436c-b996-da624db0ce64","Men's Black Oversized Hoodie with Cross Print","Men's black oversized hoodie featuring a graphic print of a cross. The hoodie is casual and has a relaxed fit, perfect for everyday wear. The hoodie is made of cotton material and is charcoal black in color.","Hoodies","casual","Tie House","Charcoal Black-Black","hooded, men's, oversized, graphic print, cross, casual, relaxed fit","XS, XL, XXL, S"
"674f4a1b-b63a-4d79-9a99-10724dab0458","Dark Blue Leather Sneakers","Pair of dark blue leather sneakers. Casual style.  Made of leather.  Featuring navy blue color with light beige accents.","Shoes","casual","Louis Vuitton","Navy-Blue, Beige-Brown","sneakers, leather, casual, dark blue, shoes, athletic","M, S, L, XXXL"
"e606146e-82a8-43cf-bddb-b3de08043cea","Men's Red and Black Block Color Hoodie","Men's red and black block color hoodie. Casual style. Featuring long sleeves, a zipper closure, and a comfortable cotton material. The hoodie combines a red and black color block design, creating a stylish look.  This is a casual piece suitable for everyday wear.","Hoodies","casual","Puma","","",""
"f06cf0f0-f6f3-4d0a-8002-a111e5c92cbf","Uranus Beige Hoodie and Joggers Set","This stylish set, featuring a beige hoodie and matching joggers, is perfect for casual outings. The set comes with a light beige hoodie featuring an embroidered logo and matching joggers in the same color. The material is soft cotton, ensuring maximum comfort. The set is available in a wide range of sizes, catering to different body types. The set comprises of a light beige hoodie with a matching pair of beige joggers, ideal for casual wear. ","Hoodies","casual","Louis Vuitton","Beige-Brown, Charcoal Black-Black","casual, athleisure, hooded, set, men's, beige, joggers, hoodie","XXL, L, M, XL"
"6ba9697a-d93c-4640-87f0-6d5f6abb603a","Black Zip-Up Hoodie","A black zip-up hoodie, casual style. Made of cotton, with an oversized fit, perfect for everyday wear.","Hoodies","casual","Gucci","Black-Black","hoodie, zip_up, black, casual, men's, cotton, oversized","S, XXXL, XS, XXL"
"9d42c32c-5cfd-4fb6-97ee-cf064ce88387","Uranus White Hoodie","A white casual hoodie, featuring the brand name ""Uranus"" embroidered on the chest and sleeve. This comfortable, everyday wear hoodie is made from cotton, perfect for a relaxed look.","Hoodies","casual","Uniqlo","White-White","casual, everyday, hoodie, men's, white, brand, uranus","XS, S, XXXL, L"
"efe9b88e-4df1-45a1-814c-9c0e1c4c34ff","Pair of Burgundy Leather Sneakers","Pair of burgundy leather sneakers.  The shoes are casual in style and are made of leather. They feature burgundy leather and black laces. Perfect for everyday use.","Shoes","casual","Louis Vuitton","Wine Red-Red, Black-Black","sneakers, leather, burgundy, casual, shoes, athletic, everyday","L, XS, XXXL, S"
"c00f85d7-0e78-41f2-b3f1-74921ab6f41d","Uranus Men's Beige Hoodie","Men's beige zip-up hoodie.  Made of 100% cotton.  Casual style, perfect for everyday wear.  Features a zipper closure and a hoodie.","Hoodies","casual","H&M","Beige-Brown, Black-Black","hoodie, men's, beige, zip_up, casual, cotton, hooded","XXL, S, XL, XS"
"c2b1e543-478a-4f16-b212-12abd1ce7211","Teal Suede Sneakers","Pair of teal suede sneakers. Casual style, perfect for everyday wear. Featuring a suede upper, these shoes are comfortable and stylish. The teal color is prominent, and the overall design is simple and sporty.","Shoes","casual","Levi's","Teal-Green","sneakers, teal, suede, casual, shoes, sporty, everyday","S, XS, L, XXXL"
"be91a28b-090e-45f1-885a-4fd8692bd458","Black Suede Casual Sneakers","A pair of black suede casual sneakers, suitable for everyday wear.  The sneakers are made of a durable suede material, with a classic design and comfortable fit.  These sneakers come in a stylish black color, making them versatile to match various outfits.","Shoes","casual","Louis Vuitton","Charcoal Black-Black","casual, sneakers, suede, black, everyday, shoes, athletic","L, S, XL, M"
"0d674544-b1d7-4b43-9a95-a7e6f715243c","Blue Printed Shirt with Jeans","A casual, everyday blue shirt with a white print, long sleeves, and a relaxed fit. It is made of cotton, suitable for everyday wear.  Paired with a pair of classic blue jeans.","Shirts","casual","Gucci","Sky Blue-Blue, White-White","casual, trendy, everyday, blue, printed, shirt, jeans, cotton, long sleeve","L, M, S, XXXL"
"e147c130-1213-4097-93c9-34dc41df744c","Yellow and Black Graphic Print Hoodie","This is a stylish yellow and black graphic print hoodie. The hoodie has a casual style and is suitable for everyday wear. It features a graphic print design, which adds to its unique appeal.  The hoodie is made of cotton, making it comfortable and soft.  The yellow and black color combination makes the hoodie stand out and is well-suited for casual occasions.","Hoodies","casual","Nike","Scarlet-Red, Gold-Yellow, Black-Black","graphic print, hoodie, yellow, black, casual, men's, oversized","XXXL, XS, S, M"
"537c4c23-354c-477f-a151-e72c29002b5b","Men's Black Cotton Hoodie","A men's black cotton hoodie with a relaxed fit. It features long sleeves, a kangaroo pocket and a drawstring hood. The hoodie is made of 100% cotton. It is casual style.","Hoodies","casual","Uniqlo","Black-Black","casual, men's, cotton, hoodie, black, long sleeve, relaxed fit","XS, XXL, S, L"
"988347b5-6679-464b-bb40-74c3ae18fcaa","Gray Distressed Crop Top with Text Print","A gray distressed crop top with long sleeves and a graphic text print. The top is casual and perfect for everyday wear. It's made of cotton and features a distressed finish.","Hoodies","casual","Uniqlo","Dusty Gray-Gray, Ghost White-White","casual, cropped, distressed, graphic print, long sleeve, everyday, women's","L, XXL, M, S"
"c262700e-b394-43d1-8ac2-3b1154d30797","Black Oversized Hoodie with Graphic Print","A black oversized hoodie featuring a graphic print of two skulls and rabbits in a beige square.  The hoodie is casual, has a relaxed fit, and is made of cotton. The color scheme of black and beige is ideal for everyday wear.  This hoodie is perfect for a relaxed casual look and ideal for everyday wear.","Hoodies","casual","Tie House","Black-Black, Beige-Brown","hooded, oversized, graphic print, black, men's, casual, relaxed fit","XXL, S, XXXL, XS"
"66f4bd02-7a31-4d0a-b0fa-5e724266e34c","Five Boroughs Black Oversized Hoodie","Black oversized hoodie featuring a graphic print of ""Five Boroughs"" in white.  This casual style hoodie is made of cotton and is perfect for everyday wear.","Hoodies","casual","Uniqlo","Black-Black","oversized, hoodie, black, graphic print, men's, casual, relaxed fit","XXXL, M, L, XS"
"46b5d978-e5e2-4d46-9e71-4a298429f0fa","Pink Wide-Leg Pants","Pair of relaxed fit wide-leg pink pants.  Made of cotton. The pants are suitable for everyday use and have a casual style. The pants are hot pink in color.","Pants","casual","Levi's","Hot Pink-Pink, Black-Black","pink, wide leg, pants, casual, everyday, cotton, relaxed fit","XS, S, M, XXXL"
"1c5131ba-c6bb-47b3-ad1a-a79dbe69f0a1","Men's Casual Gray Hoodie with Graphic Print","Men's casual gray hoodie featuring a graphic print of an anchor design. The hoodie has long sleeves and an oversized fit, perfect for everyday wear. It's made of cotton material and comes in a light gray color with black accents. The style is casual and perfect for a weekend hangout or everyday wear.","Hoodies","casual","Dior","Light Gray-Gray, Charcoal Black-Black","casual, graphic print, men's, hoodie, pullover, long sleeve, oversized","XS, S, M, L"
"47e9e61c-158d-44f0-9ceb-ec5626ea2e5c","Tie-Dye Crop Top and Wide-Leg Pants Set","This set includes a tie-dye crop top and wide-leg pants. The top has an orange tie-dye pattern, and the pants are off-white. The set is perfect for a casual summer look. The material is polyester.","Shirts","casual","Gucci","Coral Orange-Orange, Beige-Brown","tie-dye, crop top, wide-leg, pants, set, casual, summer, women's","S, XL, XS, XXXL"
"f162196b-62da-4690-9134-40ee666cbdad","Black Cropped Hoodie and Trousers Set","This set features a cropped black hoodie and matching black trousers. The hoodie has white stripes, creating a sporty and casual style. It is made of cotton and is perfect for everyday wear.  The trousers have side zippers and are designed to enhance movement.","Hoodies","athleisure","Adidas","Black-Black, White-White","cropped, hoodie, trousers, set, black, casual, athleisure, sportswear","S, XXXL, XS, XL"
"f824db69-bac3-4aad-aa94-070f6ceb40f3","Men's Oversized Grey Hoodie","This is a men's oversized grey hoodie made of cotton. It features a casual style, a relaxed fit, and a comfortable feel. The hoodie is perfect for everyday wear. It's a classic casual piece.","Hoodies","casual","Adidas","Dusty Grey-Gray","hooded, oversized, casual, men's, grey, cotton, pullover","XL, XXL, L, XXXL"
"187d5787-fe24-48c1-9cf8-616f6a31d7f3","Gray Cargo Pants","These are gray cargo pants. The style is casual and trendy. The pants have multiple pockets and straps. They are made of cotton. The color is light gray with black accents.  The recommended price for this product is 450 Egyptian pounds.","Pants","casual","Forever 21","Light Gray-Gray, Black-Black","cargo, pants, grey, athleisure, casual, trendy, pockets, fashion, streetwear","XXXL, XXL, XL, XS"
"9fd8f5e4-e8a4-402f-8fcb-da7a5e5f40a2","White Oversized Hoodie","White oversized hoodie with a graphic print. The hoodie is made of cotton and has a long sleeve design. The style is casual.","Hoodies","casual","H&M","White-White","casual, oversized, hoodie, men's, cotton, long sleeve, graphic print","M, XL, S, L"
"01e8caa7-0fcc-459b-af1b-7e11af334ece","Brown Plaid Midi Skirt","A midi-length pleated skirt in a classic brown plaid pattern. Made of wool, this skirt features a vintage style perfect for everyday use or special occasions.","Skirts","vintage","TownTeam","Saddle Brown-Brown, Light Gray-Gray","plaid, midi, skirt, vintage, classic, brown, pleated","L, S, XS, M"
"8c9c3a89-ae66-4787-9c99-9d4ab9298564","Black Graphic Print Long Sleeve Top","A black long-sleeve top featuring a graphic print design of a figure with strings. The top is casual, made of cotton, and has a graphic print. The dominant color is black and has accents of white.","Shirts","casual","Adidas","Black-Black, White-White","long sleeve, graphic print, black, casual, cotton","M, S, XS, XL"
"43d8ffd2-95c4-4f45-b81a-86b1e8a20289","Men's Quarter-Zip Fleece Hoodie","Men's quarter-zip fleece hoodie in a relaxed fit. Features a camel-colored fleece material with black accents on the sleeves. This sporty hoodie is perfect for casual everyday wear and is made of fleece material.","Hoodies","sporty","Zara","Camel-Brown, Black-Black","men's, hoodie, quarter zip, fleece, casual, long sleeve, sporty, relaxed fit","XXXL, XS, S, XXL"
"3301215b-c77c-4c37-908c-5b266cc924aa","Grey Athleisure Set with Graphic Print","This grey athleisure set is composed of a top with a graphic print and distressed details, and matching joggers. The set is casual and suitable for everyday wear. The top is made of cotton and the grey color is the main color of the outfit. The top and the bottoms has black design details and distressed details. A great choice for everyday wear, relaxation, or a casual outing.","Hoodies","athleisure","Forever 21","Light Gray-Gray, Charcoal Black-Black","grey, athleisure, set, graphic print, casual, oversized","XXL, XL, S, XS"
"a8a786f0-bc93-4ef1-8cf2-26b3b81bf708","Men's White Hooded Sweatshirt","Men's white hooded sweatshirt. Casual style, long sleeve, relaxed fit, made of cotton.  Features a comfortable relaxed fit and a classic hooded design, perfect for everyday wear.","Hoodies","casual","Zara","White-White","casual, hooded, men's, cotton, long sleeve, white, relaxed fit","XXL, XXXL, XS, S"
"32297e18-4a05-427e-8ae4-e845582428d8","Casual Blue Printed Shirt with Blue Jeans","This casual blue printed shirt is perfect for everyday wear. It features a long sleeve design and is adorned with a print pattern in white. The shirt is made of cotton material and paired with blue jeans. This outfit is great for relaxed occasions. ","Shirts","casual","Chanel","Sky Blue-Blue, White-White","casual, blue, printed, shirt, long sleeve, jeans, everyday","XS, S, XXXL, M"
"6f9b67ab-d680-464e-a002-e0297276aa56","The North Face Men's Half-Zip Fleece","The North Face Men's Half-Zip Fleece in Medium Gray. This casual, sporty hoodie features a half-zip closure and long sleeves made of fleece material.  The color is primarily Medium Gray with a small amount of Charcoal Black. This item is suitable for everyday wear or athletic activities.","Hoodies","casual","Zara","Dusty Grey-Gray, Charcoal Black-Black","The North Face, men's, half-zip, fleece, casual, sporty, athletic","L, XXL, S, XXXL"
"c5c87b70-2bdc-4ef6-b055-9d8e142c31d4","Casual Black Overcoat","A stylish black oversized women's coat perfect for fall or winter. Featuring a relaxed fit and a casual style, this coat is perfect for everyday wear. The coat is predominantly black with light blue denim jeans as an accent.","Jackets","casual","Forever 21","Black-Black, Light Blue-Blue","casual, overcoat, black, women's, winter, fall, trendy, oversized","XXL, XL, L, M"
"4600fff0-e3b5-4ba3-8013-6782ddd2b3d4","Men's Casual Gray Hoodie","Men's casual gray hoodie. Made of cotton, it features a pullover style, long sleeves, and a relaxed fit. The hoodie is a light gray color.","Hoodies","casual","Chanel","Light Gray-Gray","casual, hoodie, men's, gray, cotton, pullover, long sleeve","M, L, S, XL"
"2f820d8e-240e-4dad-a9f4-e5319fe6b15a","Men's Black Zip-Up Hoodie","This is a men's black zip-up hoodie, featuring a casual style, long sleeves, and an oversized fit. It's made of cotton and is perfect for everyday wear.","Hoodies","casual","Forever 21","Black-Black","hoodie, men's, zip-up, black, casual, long sleeve, oversized","XXXL, XS, S, XXL"
"6d3e5e7e-114e-45b9-a6a6-9803e83a18ea","Brown Suede Formal Shoes","A pair of formal brown suede shoes. The shoes are crafted from high-quality suede, featuring a formal style with a classic design. The shoes are available in a rich brown color. This product is perfect for formal events, weddings or any important occasion.  These stylish shoes are an excellent addition to any man's wardrobe.","Shoes","formal","Chanel","Saddle Brown-Brown, Chocolate-Brown","formal, suede, shoes, brown, men's, leather, formalEvents, casual","XXXL, XXL, XL, XS"
"3a7a9ee1-7fb9-4e15-9bfe-6944df336911","White T-shirt with Red Graphic Design","A white casual women's t-shirt with a graphic design of red pattern. The shirt has distressed cut-out details. The material is cotton. The shirt is great for everyday wear.","Shirts","casual","Gucci","Firebrick-Red, White-White","casual, graphic print, white, red, t-shirt, women's, cotton, trendy, everyday","S, XL, XS, XXXL"
"30df842c-8e8b-460b-a3bf-9e050268b048","Orange Hoodie with Casual Style","This is a casual orange hoodie, featuring a relaxed fit. The hoodie is predominantly carrot orange with a small percentage of chocolate brown. It's made of cotton and perfect for everyday wear. ","Hoodies","casual","Nike","Coral Orange-Orange, Chocolate-Brown","casual, hoodie, orange, men's, relaxed fit","S, XXXL, XL, XXL"
"8901da05-6050-45e8-86b3-d993dc2c1740","Men's Navy Blue New York Sweatshirt","Men's navy blue sweatshirt featuring a graphic print of ""New York"" in white. This comfortable, casual sweatshirt has a crewneck, long sleeves, and is made from soft cotton.  Perfect for everyday wear.","Hoodies","casual","Polo","Navy-Blue, White-White","casual, men's, sweatshirt, crewneck, long sleeve, graphic print, new york","XS, S, M, XXXL"
"c696f773-52ba-4761-b451-0680f6703ba5","Brown Leather Lace-Up Ankle Boots","Brown leather lace-up ankle boots, suitable for both casual and formal occasions. The boots are made of leather and feature a classic lace-up design with eyelets. The overall style is casual and trendy. The color is a rich brown, perfect for fall and winter.","Shoes","casual","Levi's","Saddle Brown-Brown","leather, brown, lace-up, ankle boots, formal, shoes, women's, casual, trendy","L, XXXL, XS, S"
"22cecdfb-92c3-4524-920d-c30cc01d276d","Beige Striped Midi Dress","A beautiful beige and off-white striped midi dress. Featuring a relaxed fit, V-neckline, and three-quarter sleeves. The dress is made of soft cotton, perfect for summer days.  A relaxed midi style dress perfect for everyday wear.","Dresses","casual","H&M","Linen-White, Beige-Brown","casual, midi, striped, beige, summer, linen, cotton, boho, v-neck","XS, XXL, XL, XXXL"
"37609684-aa96-4299-8aa0-bb72e78383bb","Formal Brogue Shoes","A pair of black leather brogue shoes, suitable for formal events and business settings. These shoes are crafted from high-quality leather, and feature a classic brogue design. The black color and formal style make them versatile for various occasions.","Shoes","Formal","Uniqlo","Black-Black","formal, shoes, brogue, leather, black, men's, business, formalEvents, work","XS, XXL, XL, S"
"a9bc995f-3c1a-4337-8070-7a40330b01f0","Formal Brogue Shoes","Formal brogue shoes made of leather.  They feature a classic brogue design with perforations and are suitable for business or formal events. The maroon color and leather material make it a sophisticated footwear option for any occasion.","Shoes","formal","Chanel","Maroon-Red","formal, brogue, leather, shoes, men's, business, classic, everyday","XS, XL, XXL, XXXL"
"d11933cc-dda8-4edb-93ae-7b584e54d972","Blue T-shirt with Graphic Print","A casual men's blue t-shirt with a graphic print design. The print features a combination of colors including Orange and White. The shirt is made of cotton material and has short sleeves.","Shirts","casual","Adidas","Royal Blue-Blue, Dark Orange-Orange, White-White","casual, graphic print, blue, t-shirt, men's, short sleeve, cotton","L, XS, XXL, S"
"d8f1bb27-040f-4cf2-bfbf-bcacfcd7a08b","Casual Grey Hoodie","A casual grey hoodie featuring long sleeves and a hooded design. The hoodie is made from a comfortable cotton material, perfect for everyday wear. It features a relaxed fit with a relaxed fit, making it suitable for a variety of occasions.  It has a dusty grey color with some light gray accents for a modern look. This product is a great option for everyday comfort.","Hoodies","casual","Gucci","Dusty Gray-Gray, Light Gray-Gray","casual, hooded, men's, grey, cotton, pullover, long sleeve","M, S, L, XL"
"95aee291-49bc-4d52-a4a1-fc8423f30bac","Beige Hoodie and Pants Set","This beige hoodie and pants set is perfect for everyday wear. The set is casual, made of cotton, and includes a hoodie with a drawstring and long sleeves. The pants are also made of cotton and are a comfortable fit.","Hoodies","casual","Forever 21","Beige-Brown, Black-Black","casual, everyday, hooded, beige, men's, set, pullover","M, XS, S, L"
"6bd588f9-424c-4d6c-9972-1245efc0041e","Black Hooded Sweatshirt with Graphic Print","A black cotton hooded sweatshirt featuring a graphic print on the left sleeve. The sweatshirt is casual style and perfect for everyday wear. It is made of cotton material and has a black color with a small percentage of white graphic print.","Hoodies","casual","Chanel","Black-Black, White-White","hooded, casual, graphic print, black, men's, sweatshirt, everyday","S, XS, XL, XXL"
"48787904-ebf5-4f7c-98a8-8d2699d5900a","Brown Leather Brogue Shoes","Brown leather brogue shoes. Formal style, suitable for various occasions.  The shoes are made of leather and feature a brogue pattern with stitching details.  The overall style is casual formal.","Shoes","formal","Forever 21","Brown-Brown","leather, brogue, shoes, formal, brown, men's, casual","XXL, XS, XXXL, XL"
"731b7543-5904-46a5-942d-5801301bc193","Light Blue Short Sleeve T-Shirt","A light blue, short-sleeved, plain cotton T-shirt. Casual style, perfect for everyday wear.","Shirts","casual","Adidas","Light Blue-Blue","casual, everyday, short sleeve, plain, light blue, cotton, t-shirt","M, S, XXL, XXXL"
"c24b5e72-f8a1-478c-a523-1c7682b698b4","Dark Green Leather Formal Shoes","Pair of dark green leather formal shoes. The shoes are made of leather and feature a formal style. The color is dark green, with a tan sole.  Perfect for work or formal events.","Shoes","formal","Adidas","Dark Green-Green, Tan-Brown","formal, shoes, leather, dark green, formalEvents, men's, work","XL, XXL, XXXL, XS"
"7911e0c7-dc4c-4f6f-8da7-94e39bf96440","White Graphic T-Shirt","White t-shirt with a graphic print featuring an orange fish with butterflies and a bell. The t-shirt is made of cotton, casual style, and suitable for everyday wear.","Shirts","casual","Chanel","White-White, Pumpkin-Orange, Sky Blue-Blue","graphic print, casual, everyday, short sleeve, cotton, white, orange","S, M, XXL, XXXL"
"4e4b4143-bb51-46e6-aafa-923cdf9f9769","Black Graphic Tee with Ripped Blue Jeans","A black graphic tee featuring a 'TRUE' design, worn with ripped blue denim jeans. The casual style makes it perfect for everyday wear.","Shirts","casual","Louis Vuitton","Black-Black, Blue Denim-Blue","casual, graphic print, black, blue, jeans, ripped, everyday","M, XXL, S, XS"
"6f0489d1-c146-4862-b48e-426c3a049379","Blue T-Shirt with Graphic Print","A casual blue t-shirt featuring a graphic print. The shirt is made of cotton and has short sleeves. Perfect for everyday wear.","Shirts","casual","Adidas","Royal Blue-Blue, White-White","casual, everyday, blue, graphic print, short sleeve, t-shirt, cotton","XXL, S, L, M"
"b9252fc3-f592-4737-a6a8-48e445dc99f6","Black Hoodie with Cassette Tapes Print","This black hoodie features a graphic print of various cassette tapes on the back, showcasing a casual style.  The oversized fit and long sleeves make it perfect for everyday wear. Made of cotton, the hoodie is comfortable and relaxed, with a relaxed fit and long sleeves. It's a trendy piece with a print that is visually engaging.","Hoodies","casual","Adidas","Black-Black, Saddle Brown-Brown","casual, graphic print, black, hoodie, cassette tapes, men's, cotton, relaxed fit, long sleeve, oversized","L, XS, S, M"
"c16f8f9b-26d2-45d0-9127-5b3eda052379","Graphic Print T-Shirt","This is a casual, graphic print T-shirt made from cotton. It features an oversized design with a graphic print showcasing Einstein and related slogans. The colors, primarily black, crimson, and royal blue, create a striking visual effect. The short sleeve design allows for flexibility. This shirt is suitable for everyday wear.","Shirts","casual","Louis Vuitton","Black-Black, Crimson-Red, Royal Blue-Blue, Gold-Yellow","graphic print, casual, trendy, cotton, short sleeve, men's, oversized","XS, S, XL, M"
"e5bd4007-c1ec-46b9-914d-03950c239708","Albert Einstein Graphic Print T-Shirt","A black cotton T-shirt featuring a vibrant graphic print of Albert Einstein, emphasizing science concepts. The design is bold, with a mix of black and red colors, showcasing inspirational quotes, and creating a visually engaging look. The style leans toward casual.","Shirts","casual","Forever 21","Black-Black, Crimson-Red, Sky Blue-Blue","graphic print, albert einstein, science, casual, men's, black, red","M, XL, XXL, L"
"bd315970-50ed-4ad0-9c41-0d7312df19ca","True Royal Blue T-Shirt","A royal blue t-shirt featuring the word ""TRUE"" in white graphic print. This casual t-shirt is made of cotton and perfect for everyday use. It is a short-sleeve design.","Shirts","casual","Levi's","Royal Blue-Blue","casual, men's, t-shirt, royal blue, graphic print, short sleeve, cotton, everyday","XS, S, XL, XXL"
"4ee102e7-70b6-4112-afda-6eb3703623f7","Grey Distressed Hoodie with Graphic Print","A casual, oversized grey distressed hoodie featuring a graphic print. The hoodie is made of cotton and has a relaxed fit. Its color is primarily medium gray, with off-white and charcoal black accents. The graphic print adds a unique detail. This casual hoodie is perfect for everyday wear.","Hoodies","casual","Gucci","Dusty Grey-Gray, Beige-Brown, Charcoal Black-Black","casual, graphic print, hooded, oversized, cotton, men's, relaxed fit","XS, S, M, XXXL"
"8210e441-8c65-4132-a816-bf065ced3674","Black Hoodie with Graphic Print","A black hoodie with a graphic print featuring a skull design. The hoodie is casual and made of cotton.  The predominant colors are black and white.","Hoodies","casual","Louis Vuitton","Black-Black, White-White","hoodie, graphic print, black, casual, men's","XXXL, M, L, XL"
"1e314f35-d25c-4b93-8a9c-18f3c5aefda3","Cream-Colored Hoodie with Graphic Print","A cream-colored hoodie featuring an oversized fit, long sleeves, and a graphic print design.  The print includes a graphic design of eyes with dripping blood-like designs, and the text 'WHATEVER', 'THE ENDING', 'I'M SO LUCKY', and 'TO MEET YOU' on the front. The hoodie is made from cotton and is well-suited for casual wear.","Hoodies","casual","Gucci","Cream-White, Violet-Purple, Scarlet-Red","hoodie, graphic print, casual, men's, cotton, oversized, long sleeve, cream","XXXL, L, M, XL"
"296b6f03-5fd1-4b29-b52f-92618613983c","Distressed Grey Hoodie with Graphic Print","A casual grey hoodie featuring an oversized fit and a unique graphic print design. The hoodie is made of cotton material and includes a distressed look with light pink and red graphic prints. The design is centered around the front and sleeve of the hoodie and displays an artwork and text.","Hoodies","casual","Zara","Dark Grey-Gray, Light Pink-Pink, Firebrick-Red","hoodie, graphic print, casual, men's, cotton, oversized, dark grey, art break","XXL, XL, XS, XXXL"
"d693ff26-f338-4550-9034-a6967c76750a","Cream-Colored Graphic Hoodie","A cream-colored hoodie featuring a graphic print design with shades of red and purple. The graphic print is eye-catching with phrases like ""Whatever the Ending"" and ""I'm So Lucky To Meet You."". The hoodie is casual and perfect for everyday wear. It's made from cotton material. The colors in the design include red, purple, and white in different tones.","Hoodies","casual","Gucci","Firebrick-Red, Lavender-Purple, White-White","graphic print, casual, hooded, long sleeve, cream, red, purple, printed, cotton","XXL, XL, M, S"
"e5fdc16a-9558-43ca-ae1a-7460a48e0c71","Green Graphic Print Hoodie","This is a green graphic print hoodie. It is casual in style and made from cotton. Features a long sleeve and oversized fit with a graphic print.  Colors are Forest green and white.","Hoodies","Casual","Adidas","Forest Green-Green, White-White","hoodie, graphic print, casual, athleisure, long sleeve, cotton, oversized","M, L, S, XL"
"2bcf74ac-a14b-4104-a0fb-b34f6bd011f0","Light Beige Graphic Print Hoodie","A light beige hoodie featuring a graphic print design. The hoodie is made of cotton and has long sleeves, an oversized fit. The design showcases a character from an anime, in vibrant shades of crimson and black, set against a light beige background. The hoodie is casual and perfect for everyday wear.","Hoodies","casual","Uniqlo","Beige-Brown, Crimson-Red, Charcoal Black-Black","hoodie, graphic print, casual, men's, cotton, long sleeve, oversized","XL, S, M, L"
"396fd824-6586-45ac-9b77-f7e6fff2d139","Jujutsu Kaisen Black Hoodie","This black hoodie features a graphic print of the Jujutsu Kaisen character Satoru Gojo, a powerful sorcerer. The graphic is prominently featured on the back of the hoodie and includes details about his role in the series. The hoodie is made from cotton, and has a casual style perfect for everyday wear.","Hoodies","casual","Chanel","Black-Black, Crimson-Red","hoodie, jujutsu, kaisen, black, graphic print, men's, casual","M, L, S, XS"
"b772327b-a87c-490b-bb3c-6ba2877639da","Black Hoodie with Blue Graphic Print","This black hoodie features a stylish blue graphic print. The casual style makes it perfect for everyday wear. It's made of soft cotton and is available in a variety of sizes. The graphic design is in a light sky-blue color. ","Hoodies","casual","Forever 21","Sky Blue-Blue, Black-Black","hoodie, black, blue, graphic print, casual, men's","XXXL, M, L, XL"
"4c73d4f4-7864-470c-bf0d-560cfa0118ae","Retro-Style Graphic Print Hoodie","This black hoodie features a bold graphic print design. The print features a stylized graphic of a futuristic robot head and cityscape, along with text saying 'Life is short no risk no fun'. The colors in the print are a vibrant mix of retro-inspired hues. The hoodie is designed with a casual style in mind and is perfect for everyday wear. The material is made from cotton for comfort and durability.","Hoodies","casual","Louis Vuitton","Black-Black, Violet-Purple, Crimson-Red","graphic print, hoodie, retro, casual, trendy, black, unisex, oversized, men's, women's","L, XXXL, M, XL"
"0aeb5eb6-6257-4688-9a45-3e69c4399817","Graphic Print Cream Hoodie","This cream-colored hoodie features a graphic print design on the front and back. The front print includes a stylized gem design, while the back print showcases a celestial theme with a hand reaching out and the words 'TODAY IS YOUR OPPORTUNITY TO BUILD THE LIFE YOU WANT'. The hoodie has an oversized fit, making it perfect for casual wear. The material is cotton.","Hoodies","casual","Zara","Off-white-White, Amethyst-Purple","graphic print, hoodie, cream, casual, oversized, cotton, trendy","S, L, XL, XS"
"39a31cd8-8cec-4d87-ac54-ed1f509a76cb","Cream Graphic Hoodie","A cream-colored hoodie featuring a graphic design of a mountain range with a setting sun, printed in yellow and orange. The back of the hoodie has a different graphic design of a desert landscape with stacks of money notes. The hoodie is perfect for casual everyday wear.","Hoodies","casual","H&M","Linen-White, Canary Yellow-Yellow, Crimson-Red","graphic print, hoodie, casual, men's, cotton, oversized, long sleeve, creativity","XXL, XXXL, L, M"
"9ed5a4be-edf5-41b4-a96e-56b29a092d57","Graphic Print White T-Shirt","A white women's t-shirt with a graphic print on the back. The print is abstract designs with black lines and colorful dots. The shirt has short sleeves and is casual style. The material is cotton, and the colors are white, sky blue and coral.","Shirts","casual","Louis Vuitton","White-White, Sky Blue-Blue, Coral-Orange","graphic print, casual, white, short sleeve, women's, cotton, everyday","L, XS, M, XXXL"
"d1b80296-db85-4542-b738-b9f5ed2732dd","Dark Maroon Roll Neck Sweater with Light Blue Jeans","A women's casual maroon roll neck sweater, ideal for fall or winter, paired with light blue jeans.  The sweater is made of cotton and features a relaxed fit. The overall style is casual.","Sweaters","casual","H&M","Maroon-Red, Light Blue-Blue","casual, sweater, roll neck, maroon, jeans, light blue, fall, winter, everyday, women's","XL, L, XXL, XXXL"
"433eb23c-58bb-46ee-b9e0-846d9d28e1ae","Black Turtleneck Top","This black turtleneck top is a versatile and comfortable casual option. Its long sleeves and turtleneck design make it perfect for cooler weather. Made of soft cotton, this top is perfect for everyday wear. It is a comfortable and stylish choice for women.","Hoodies","casual","Louis Vuitton","Black-Black","turtleneck, black, casual, everyday, long sleeve, warm, cotton, women's","XXXL, XS, S, XXL"
"1d41022e-863d-4d84-b4ad-3a075e27af08","Lime Green Wool Jacket with Striped Top and Jeans","A lime green wool jacket, featuring a relaxed fit. The jacket is paired with a white top with black horizontal stripes, and light blue jeans. The jacket's relaxed fit and overall styling create a casual look.","Jackets","casual","Uniqlo","Lime Green-Green, White-White, Blue-Blue","casual, trendy, relaxed fit, wool, lime green, striped, jeans","L, XXXL, XL, XXL"
"109cf828-0c28-40af-8018-a80b250ad579","White Long Sleeve Graphic Print Top with Beige Cargo Pants","A stylish casual women's white long sleeve top featuring a graphic print of a gargoyle with wings on the back. The top is paired with beige cargo pants. The top and pants are casual and perfect for everyday wear.","Shirts","casual","Forever 21","White-White, Beige-Brown","long sleeve, graphic print, casual, everyday, women's, top, beige, pants, cargo","XL, XS, XXL, S"
"444df724-2109-45e4-9dc7-45a7ce83c998","Casual Wide-Leg Striped Pants Set","A comfortable and stylish casual wide-leg pants set in a light blue and white striped pattern. The pants have a relaxed fit and wide legs. Made of breathable cotton, this set is perfect for everyday wear. The matching top is a simple tank top with a round neckline in white color. The set is designed for a relaxed and fashionable look, perfect for casual outings.","Pants","casual","Chanel","Sky Blue-Blue, White-White","casual, relaxed fit, wide_leg, striped, pants, set, cotton","S, L, XXXL, M"
"f9faf241-1382-44b4-af13-5660606fe810","Brown Hooded Cardigan","Men's casual brown hooded cardigan. This warm cardigan features a relaxed fit and a hooded design, perfect for casual outings or cooler weather. Made of wool, it's both comfortable and durable. The brown color is complemented by white accents adding a touch of sophistication to the classic design. Ideal for everyday use. ","Jackets","casual","H&M","Saddle Brown-Brown, White-White","casual, hooded, cardigan, men's, brown, winter, fall, everyday","XS, S, XXXL, XXL"
"610f5536-d35f-4387-bc54-c2f6061db5c0","Casual Graphic Print Long Sleeve Shirt","This is a casual graphic print long-sleeve shirt, made of cotton. It has a variety of designs and colors, suitable for everyday wear. It features a long sleeve and a classic shirt-style cut. The shirt's color palette includes sage green, slate gray, and sky blue, accented with various graphic designs. The shirt's casual style and design make it appropriate for everyday wear.","Shirts","casual","Levi's","Sage Green-Green, Slate Gray-Gray, Sky Blue-Blue","casual, graphic print, long sleeve, shirt, men's, cotton, printed","M, S, XXL, XL"
"7ad2cbbe-5f8e-4cb8-9bac-8941b412a39a","Yellow Midi Set","A stylish yellow midi set. Featuring a long-sleeved top and matching midi skirt. Made of a soft cotton material, the set is perfect for a casual everyday look. The top has a knot detail at the waist.  It's canary yellow with a touch of white.","Dresses","casual","Levi's","Canary Yellow-Yellow, White-White","casual, trendy, yellow, midi, set, women's, long sleeve, cotton","XS, S, M, L"
"9c0cef41-0252-4c3e-b54c-1884c0b7261d","Classic Plaid Midi Dress","A classic midi dress featuring a plaid pattern in shades of brown, red, white, and gray. The dress has a button-up closure and three-quarter sleeves. It's made of soft cotton material, perfect for casual or formal events. Ideal for everyday wear or special occasions.","Dresses","casual","Uniqlo","Crimson-Red, Saddle Brown-Brown, White-White, Slate Gray-Gray","classic, plaid, midi, dress, formal, button-up, casual, women's, cotton","S, L, XXL, XL"
"86a12320-b566-4b84-a7f7-d3a46d294123","Casual Gray Tee and Ripped Jeans Outfit","A casual outfit featuring a light gray long-sleeve t-shirt paired with ripped blue jeans. The outfit is perfect for everyday wear. The shirt is made from cotton and the jeans are denim. The overall style is casual and the color combination is subtle yet stylish.","Shirts","casual","Uniqlo","Light Gray-Gray, Medium Blue-Blue","casual, men's, everyday, long sleeve, grey, jeans, ripped, denim","XXL, M, S, XS"
"b052916f-ff1f-4d19-970f-425a859cf272","Casual Brown Bomber Jacket","This is a casual brown bomber jacket. It is made of polyester and has a zip-up closure.  The jacket features white stripes on the sleeves and collar. It's perfect for everyday wear.","Jackets","casual","Zara","Camel-Brown, White-White","casual, bomber, jacket, brown, zip-up, men's, sportswear","XXXL, M, L, XL"
"adaa6587-6995-4485-b8ef-b07c58a0b7c5","Beige Oversized Men's Crewneck Sweatshirt","A casual, beige oversized men's crewneck sweatshirt made of cotton. It has a crewneck, long sleeves, and an oversized fit. The sweatshirt features a subtle design detail. This versatile sweatshirt is perfect for everyday wear.","Hoodies","casual","Uniqlo","Beige-Brown, Slate Gray-Gray","oversized, crewneck, casual, men's, sweatshirt, cotton, beige","XXL, M, XXXL, XS"
"d9561e5a-86d0-46b3-9ac0-e2c013c4b1fd","Men's Brown Shearling Leather Jacket","This is a men's brown shearling leather jacket, perfect for winter. The jacket features a shearling collar and is primarily brown with accents of white. The casual style makes it suitable for various occasions, from everyday wear to more formal events.","Jackets","casual","Uniqlo","Saddle Brown-Brown, White-White","leather, shearling, casual, men's, winter, formalEvents, jacket","XXXL, M, XXL, S"
"fcbd7e43-ca43-4320-903f-9c776e687c09","Men's Black Lightweight Down Jacket","Men's black lightweight down jacket. Casual style.  Zip-up closure.  Suitable for winter.  Made of down material.  Black color.","Jackets","casual","Forever 21","Black-Black","casual, winter, men's, down, lightweight, zip-up, black","XL, XS, S, XXXL"
"0f5b4ee1-03f7-41da-a16a-9551e5fa2fe4","Men's Leather Jacket","Men's leather jacket.  Casual style, black in color, made of leather.  Suitable for formal events as well.","Jackets","casual","H&M","Black-Black","leather, jacket, men's, casual, formalEvents, black, long sleeve","XXXL, XS, S, XL"
"c389ccbd-6d0f-4693-8a4c-62d9a7ee343b","Navy Blue Bomber Jacket","A navy blue bomber jacket with a zip-up closure.  The jacket features long sleeves, a casual style, and a relaxed fit. It is made of polyester, and is suitable for everyday wear.  The jacket is suitable for a variety of occasions, making it a versatile piece in any wardrobe.","Jackets","casual","Nike","Navy-Blue, White-White","bomber, casual, men's, jacket, navy blue, zip-up, long sleeve","XS, S, M, XXL"
"9aadd377-b072-42bb-a889-756c6687d1cb","Vintage Beige Men's Hoodie","Men's beige hoodie with a vintage style. It features long sleeves, a graphic print, and a relaxed fit. The hoodie is made of cotton material.","Hoodies","vintage","Adidas","Beige-Brown","vintage, hoodie, men's, beige, casual, long sleeve, graphic print","L, XXXL, S, XS"
"2c0d49bb-2ae3-4696-85ac-055df4fc7235","Beige Fleece Hooded Sweatshirt","Beige fleece hooded sweatshirt with the text ""INVEST IN YOURSELF"" printed on the front.  This casual style hoodie is perfect for everyday wear, made of a soft fleece material for comfort and warmth.","Hoodies","casual","Uniqlo","Beige-Brown","hooded, casual, fleece, men's, beige, graphic print, long sleeve","XL, XXL, XS, S"
"97ebd467-e5f2-477e-b5c2-a4457d16b323","Beige Hooded Sweatshirt","Beige Hooded Sweatshirt. This casual, everyday hoodie is made of soft cotton and features a relaxed fit. It has a long sleeve and a hooded design. The color is primarily beige with a touch of black detailing. Perfect for a laid-back look.","Hoodies","casual","Uniqlo","Cream-White, Black-Black","casual, hooded, cotton, relaxed fit, everyday, men's, long sleeve","XS, XXXL, L, S"
"932a0e84-48fd-4495-a97c-d9cf202b3429","Plain White Men's Hoodie","Plain white men's hoodie with long sleeves and an oversized fit, featuring a kangaroo pocket and a comfortable cotton material. This casual hoodie is perfect for everyday wear.","Hoodies","casual","Nike","White-White","hoodie, men's, plain, white, casual, oversized, long sleeve, cotton","XXXL, XXL, XL, L"
"d7aebc04-a728-4e6d-97b7-4dc78f92d8b8","Aster Navy Blue Oversized Hoodie","A navy blue oversized hoodie with the brand name ""Aster"" printed on the front. It has a relaxed fit, a drawstring closure and is made from cotton.","Hoodies","casual","Zara","Navy-Blue","hooded, oversized, navy blue, casual, men's, aster","M, XS, XXL, S"
"f19641ce-073d-4df1-9cda-596a7887a561","Men's Beige Hooded Sweatshirt","Men's beige hooded sweatshirt, featuring a relaxed fit, long sleeves, and a comfortable cotton material.  This casual sweatshirt is perfect for everyday wear.","Hoodies","casual","Uniqlo","Beige-Brown","casual, hooded, beige, men's, sweatshirt, long sleeve, relaxed fit","XS, XXL, S, XL"
"8e84a58c-cd51-4bdd-8dd4-962cf6d86edb","Men's Two-Tone Hoodie","This men's two-tone hoodie is casual and made of cotton. It features a relaxed fit and a hooded design. The hoodie is black with white sleeves and is perfect for everyday wear.","Hoodies","casual","Louis Vuitton","Black-Black, White-White","hoodie, men's, casual, two-tone, cotton, long sleeve, hooded, relaxed fit","XS, S, XXL, XL"
"2c018aed-aa13-4e2e-a669-d86a7b0155f5","Olive Green Midi Dress","An olive green midi dress with long sleeves and a square neckline. The dress features a relaxed fit, making it suitable for both casual and formal events. The dress is made of cotton, and the olive green color makes it perfect for spring and fall. The dress is a midi length.","Dresses","casual","Chanel","Olive Green-Green","midi, dress, olive green, long sleeve, square neck, formal, casual","M, XL, S, L"
"e6de7140-b7a7-4517-96e8-7d3f91972568","Floral Maxi Dress","This is a beautiful floral maxi dress perfect for a summer beach day. It's made of lightweight chiffon material and features a lovely print of various flowers in pink, orange, yellow, blue, and black.  The dress is casual, comfortable, and perfect for a beach outing, or a day out on the town","Dresses","casual","Gucci","Hot Pink-Pink, Mango-Orange, Lemon-Yellow, Sky Blue-Blue, Black-Black","floral, maxi, dress, summer, beachwear, casual, women's","XL, M, L, S"
"2164a4ab-526f-4c9c-821f-6b50570e98a2","Beige Trench Coat with Red Dress","A beige trench coat with a red dress. The trench coat is suitable for spring or fall and can be dressed up or down, while the dress is more formal and elegant. The coat is made of cotton material. The colors are a light beige for the coat and coral red for the dress. The overall style is casual.","Jackets","casual","Chanel","Camel-Brown, Coral-Orange","trench, coat, beige, spring, casual, formalEvents, women's","XL, XS, XXL, S"
"7f1532fe-cf53-42d5-95e8-0b12e4b35a49","Men's Navy Blue Hooded Jacket","A stylish navy blue hooded jacket, perfect for casual everyday wear. The jacket is made of cotton, featuring a zip-up closure and a comfortable hooded design. A white collared shirt is worn underneath, creating a well-put-together casual look.","Jackets","casual","Forever 21","Navy-Blue, White-White","casual, hooded, men's, navy blue, jacket, zip-up, cotton","M, S, XXL, XL"
"4aa37028-951f-4917-9dc6-4484d0ccc925","Floral Print Midi Dress","A stylish midi dress featuring a beautiful floral print.  The dress is made of cotton material and comes in a lovely navy blue color with subtle hints of pink accents. Perfect for a casual or party outing, this dress is both elegant and trendy. It is a midi dress with 3/4 sleeves. ","Dresses","casual","Gucci","Navy-Blue, Rose-Pink","floral print, midi dress, women's dress, casual, trendy, party, elegant","M, L, S, XS"
"46721d46-a683-495c-89bc-624da4f4ac14","Teal Satin Jumpsuit","A formal teal satin jumpsuit.  Featuring wide legs, a fitted bodice, and a belted waist. This elegant piece is perfect for special occasions.","Dresses","formal","Levi's","Teal-Green","jumpsuit, satin, teal, formal, women's, elegant, wide leg","XL, M, XXL, XXXL"
"1d4236f3-5e5c-4cfa-9169-6e414aea4713","Black Leather Jacket with Striped Top","A stylish black leather jacket over a white and black striped top.  The jacket is a casual style, perfect for everyday wear. The colors are predominantly black and red, with the background providing the red portion. The material is leather, showcasing a trendy and fashionable design.","Jackets","casual","Uniqlo","Red-Red, Black-Black","leather, black, casual, trendy, jacket, women's, striped, top","XS, XXL, M, XL"
"5cee10df-66d4-479d-9f14-391c0278fb45","Formal Maroon Waistcoat","A formal maroon waistcoat, perfect for formal events or work. The material is wool, and it is available in a maroon color with a small percentage of white. This waistcoat features a formal style and is a versatile option for various occasions.","Jackets","formal","Nike","Maroon-Red, White-White","formal, men's, waistcoat, maroon, casual, formalEvents, work","XS, L, XL, S"
"0794e0b0-e3f1-47e6-8bb2-9412609f3166","Mustard Yellow Blazer with White Mock Neck","Men's Formal Mustard Yellow Blazer with a white mock neck. The blazer is made of polyester and features a formal style. The color is predominately mustard yellow and white.  This is a perfect jacket for a business meeting, a wedding, and other formal events.","Jackets","Formal","Nike","Mustard-Yellow, White-White","blazer, Mustard Yellow, White, Mock Neck, Formal, casual, men's","S, XXL, L, M"
"40f9e3df-d93d-4aec-b169-17f199c09cda","Dark Burgundy Plain Short Sleeve T-Shirt","A dark burgundy plain short-sleeve t-shirt with a round neck. This casual style t-shirt is made of cotton and perfect for everyday wear. It is simple, stylish, and versatile.","Shirts","casual","Gucci","Dark Red-Red","plain, short sleeve, casual, men's, round neck, cotton, everyday","XL, L, XXL, XS"
"45c6f220-0c71-49bf-b837-838d8da9ffa9","Dark Green African Traditional Shirt","A dark green, long-sleeved African traditional shirt.  The formal style and traditional design make it suitable for special occasions.  Made of cotton, this shirt is comfortable to wear.","Shirts","Formal","H&M","Dark Green-Green","African, Traditional, Shirt, Dark Green, Long Sleeve, Formal, Men's Wear","XXXL, M, L, XXL"
"d2686a24-d38c-43fb-90fc-eba3faff452a","Men's Pink Checked Long-Sleeve Shirt","Men's casual pink checked long-sleeve shirt made of cotton. It features a classic button-up style and comes in a variety of shades of pink and dark blue.","Shirts","casual","Levi's","Light Pink-Pink, Dark Blue-Blue","casual, checked, long sleeve, men's, shirt, cotton, pink","S, XL, XS, XXXL"
"3cef063f-f902-4326-86bc-37b5dc8f669e","LA Lakers Varsity Jacket","A stylish LA Lakers varsity jacket, featuring embroidered graphics and a leather material.  The jacket is predominantly black with grey accents.  This sporty jacket is perfect for fans or anyone looking for a bold statement piece.","Jackets","Sporty","Nike","Charcoal Black-Black, Slate Gray-Gray","LA Lakers, Varsity, Jacket, Leather, Embroidered, Graphic Print, Black, Grey","XXL, XXXL, XS, M"
"64418324-6613-4b7a-b83c-204505fce6a3","Men's Relaxed Fit Oversized Purple Cotton Hoodie","Men's relaxed fit oversized purple cotton hoodie.  Features long sleeves and a comfortable relaxed fit.  Made from 100% cotton, this casual hoodie is perfect for everyday wear.","Hoodies","casual","Chanel","Lavender-Purple","casual, relaxed fit, oversized, cotton, long sleeve, hoodie, men's","L, M, S, XL"
"e9156914-a3aa-47e9-bc7d-39366aa01334","Men's Corduroy Jacket","Men's corduroy jacket in a casual style. The jacket features a relaxed fit, a stand-up collar, and is predominantly brown with slight black accents. The jacket is made from corduroy material.  The suggested price is 600 EGP.","Jackets","casual","Levi's","Khaki-Yellow, Black-Black","corduroy, casual, men's, jacket, brown, oversized","S, XS, XXL, XXXL"
"509bc722-458f-4c7f-aecd-53772ddfd95f","Men's Casual Graphic Print Short Sleeve T-shirt","A casual men's graphic print short-sleeve t-shirt, predominantly white with a graphic design featuring various triangles and muted colors. The shirt is made of cotton and has a relaxed fit. This is perfect for everyday use.","Shirts","casual","Zara","White-White, Tomato-Red","casual, graphic print, short sleeve, men's, t-shirt, cotton, relaxed fit","XS, XXXL, S, XL"
"0b088c4b-3ad4-4cd4-9607-fb3cad5a3a6e","Men's Terracotta Jacket","A men's Terracotta parka-style jacket featuring a relaxed fit, button-up closure, and multiple pockets. The jacket is predominantly terracotta in color, with black accents. It is made of cotton and likely suitable for casual outdoor wear.","Jackets","casual","Levi's","Terracotta-Red, Black-Black","casual, relaxed fit, parka, windbreaker, men's, terracotta, button_up, zippers, pockets","L, M, S, XL"
"9c043691-c1df-4019-a628-64b43da30008","Casual Printed Linen Shirt","A casual, printed linen shirt featuring a tropical animal print. It has a relaxed fit, long sleeves, and a collared neckline. Made of linen, this shirt is perfect for everyday wear. The shirt is in a cream color with black print animal print.","Shirts","casual","Uniqlo","Cream-White, Dusty Grey-Gray","casual, linen, printed, animal print, tropical, long sleeve, collared","XL, XXL, S, XS"
"1418b1b1-4138-47ea-8a79-d5e053f490da","Men's Olive Green Hoodie","Men's olive green hoodie featuring a relaxed fit, long sleeves, and a kangaroo pocket. Made of cotton.","Hoodies","casual","Uniqlo","Olive Green-Green","hoodie, men's, casual, olive green, long sleeve, cotton, relaxed fit","XXXL, XS, XXL, S"
"7a252da8-62c0-408f-aa17-4bd75c878993","Casual Short Sleeve Printed Shirt","A casual short sleeve printed shirt. It features a graphic print design with shades of white, blue, gray, and lime green. The shirt is made of cotton and linen, a blend which gives the shirt a light and airy feel. A casual style shirt is perfect for everyday wear.","Shirts","casual","Adidas","White-White, Sky Blue-Blue, Slate Gray-Gray, Lime Green-Green","casual, short sleeve, printed, graphic print, cotton, linen","XS, M, XXXL, L"
"c841da67-e381-4558-9c6e-92d4f810b954","Men's Multicolored Ethnic Print Long Sleeve Shirt","This men's casual button-up shirt features a vibrant ethnic print in various colors, including scarlet, indigo, sky blue, sea green, dark orange, gold, saddle brown, and black. The long sleeves and collared design make this shirt perfect for everyday wear.  Made from cotton fabric, this shirt is trendy, casual, and comfortable.","Shirts","casual","Levi's","Scarlet-Red, Indigo-Purple, Sky Blue-Blue, Sea Green-Green, Dark Orange-Orange, Gold-Yellow, Saddle Brown-Brown, Black-Black","casual, ethnic print, long sleeve, button-up, collared, men's, trendy","XL, XXL, L, M"
"11915a67-34ce-4f95-9eb3-ffe03b8d86e6","Men's Gray Button-Down Shirt with Dot Pattern","A stylish and comfortable men's button-down shirt. Featuring a long sleeve design with a dot pattern and a relaxed fit. This grey shirt is perfect for everyday wear and is made of high-quality cotton, ensuring a soft and smooth touch against the skin. Available in a variety of colors and patterns, it is a versatile piece that can be paired with different bottoms for a casual or slightly more formal look.","Shirts","casual","H&M","Dusty Grey-Gray, White-White","men's, shirt, button-down, long sleeve, grey, dot pattern, casual, trendy, relaxed fit","XXXL, S, M, XL"
"5dde4efe-21bc-4a52-97eb-4054fefc4645","Five Boroughs Oversized Olive Green Hoodie","An oversized olive green hoodie featuring a graphic print of ""Five Boroughs.""  This casual hoodie is made of cotton and perfect for everyday wear.","Hoodies","casual","Nike","Olive Green-Green","hoodie, oversized, olive green, casual, men's, graphic print, long sleeve","XXXL, M, S, L"
"0b948c41-ce20-470a-86e3-bdadfce7fc05","Men's Dark Green Formal Trousers","Men's dark green formal trousers.  These slim fit trousers are perfect for work or formal events. Made of linen, with a formal style. The trousers are a dark green color.","Pants","formal","Louis Vuitton","Dark Green-Green","formal, men's, trousers, dark green, slim fit, work","XS, L, S, XL"
"6d3623cc-7fac-412f-8c84-fbd4a93ffa25","Oversized Olive Green Hoodie","An oversized olive green hoodie, featuring a relaxed fit and a comfortable cotton material. The casual style makes it perfect for everyday wear.","Hoodies","casual","Uniqlo","Olive Green-Green","oversized, hoodie, olive green, casual, cotton, relaxed fit, men's","L, XL, XS, S"
"08f7b32e-9b2b-4272-80cb-014784c73b13","Men's Casual Light Beige Pants","Men's casual light beige pants with a slim fit. These pants are perfect for everyday wear and made of cotton. The color is light beige and the style is casual.","Pants","casual","Uniqlo","Beige-Brown","casual, pants, men's, light beige, slim fit, everyday","XL, M, S, XS"
"3a528685-d7fb-4ef7-afe5-d48aa8a66752","Men's Casual Round Neck Sweater","A men's casual round neck sweater made of cotton. It's a long-sleeved garment in Steel Blue color with minor white details. Suitable for everyday wear.","Sweaters","casual","Nike","Steel Blue-Blue, White-White","casual, round neck, men's, sweater, cotton, everyday, long sleeve","M, XXXL, S, XXL"
"b967f448-f9f2-4e6d-aa09-379ccfdacfa8","Man's Formal Outfit","A formal, traditional outfit with a navy blue shirt and long sleeves. The outfit is made of cotton and is perfect for special occasions.","Shirts","formal","Louis Vuitton","Navy-Blue, Light Gray-Gray","formal, men's, formalEvents, long sleeve, blue, traditional, african","XS, S, M, XXXL"
"c79650ae-dbc4-4b9d-96ec-c89809a649c0","Men's Linen Button-Down Shirt","This men's linen button-down shirt is perfect for casual beachwear or travel. The shirt is made from soft linen fabric, featuring long sleeves and a classic button-down design. The shirt is in white with a light beige scarf, which gives it a stylish look. This is a comfortable and versatile shirt for warm weather.","Shirts","casual","Uniqlo","White-White, Beige-Brown","men's, linen, casual, beachwear, travel, button-up, long sleeve","XS, S, XXXL, M"
"b6cccd4f-1e4f-4af2-8508-7c61e4106598","Men's Linen Button-Down Shirt","Men's linen button-down shirt, casual style, featuring long sleeves and a relaxed fit.  The shirt is primarily white with a hint of beige/tan from the light scarf.  The linen material is suitable for summer wear.  A versatile shirt suitable for beachwear or everyday use.","Shirts","casual","TownTeam","White-White, Beige-Brown","linen, casual, men's, button-up, long sleeve, beachwear, summer","XXL, S, XL, L"
"9c5077e3-354a-4531-9ffa-aa3dea65df2a","Customizable Black Zip-Up Hoodie","A customizable black zip-up hoodie with an oversized fit, perfect for casual wear. The hoodie is made of cotton, and features a zip-up closure with customizable space for logo, picture, or text. The product has an oversized fit.","Hoodies","casual","Chanel","Black-Black","hoodie, zip-up, customizable, black, men's, oversized","XXL, XS, XL, S"
"be5e8c5f-f898-4989-9f04-bfaee72eb810","Men's Formal White Button-Down Shirt","A formal white button-down shirt, ideal for business settings or special occasions. This collared, long-sleeve shirt features a classic design and is made from soft cotton. It's perfect for a professional look.","Shirts","formal","DeFacto","White-White","formal, business, men's, button_up, collared, long sleeve, plain","XS, S, XL, M"
"75105846-1157-4c64-b334-5c02a31800c6","Men's Black Turtleneck Sweater","Men's black turtleneck sweater.  This fitted sweater is made from wool and is available in a variety of sizes. Features include long sleeves and a turtleneck style for a classic look, suitable for everyday wear, business meetings, formal events, or special occasions.","Sweaters","casual","TownTeam","Black-Black","men's, turtleneck, sweater, black, casual, formal, long sleeve, fitted","XXL, S, L, M"
"5a8001bd-8d18-401d-98f7-7374abf9ffe3","Casual Men's Outfit","This is a casual outfit for men. It includes a red long sleeve sweater, grey pants, and white sneakers. The style is casual, and the colors are red, grey, and white. The material is primarily cotton.","Sweaters","Casual","H&M","Firebrick-Red, Slate Gray-Gray, White-White","casual, men's, red, grey, white, pants, sweater, long sleeve, formalEvents, everyday","M, XS, XXXL, XXL"
"53eba2f6-d0d9-4139-8f65-e6a6451bf844","Men's Black Slim Fit Pants","Men's black slim fit pants, suitable for casual everyday wear or work. The pants feature a straight leg and are made of polyester. The style is casual and the color is black. These pants are perfect for a comfortable and stylish look.","Pants","casual","Calvin Klein","Black-Black","slim fit, men's, pants, black, casual, everyday, work, straight_leg","XXL, XXXL, L, XS"
"edb7436d-4c62-4bf5-b8e2-0eb4a2e4a30d","Burgundy V-Neck Sweater","This burgundy v-neck sweater is perfect for both formal and casual occasions.  The sweater is made of wool and features a v-neck design. The burgundy color is dominant, with some white accents. This style is well-suited for work and fall events.","Sweaters","formal","Zara","","",""
"8480ff05-cdcb-4dfc-be25-ef60b4f27cf3","Men's Straight Leg Jeans","Men's straight leg jeans made of denim. Casual style, perfect for everyday wear. Dark denim color. Available in different sizes.","Pants","casual","Adidas","Dark Denim-Blue","jeans, men's, straight_leg, denim, everyday, casual, pants","XXXL, XS, S, M"
"a2774823-f9e3-48db-a988-3c6a9d6f1c4d","Men's Casual Printed Shirt with White Shorts","Men's casual printed shirt featuring a dark brown print with white accents, designed for a summery look. The shirt is made of cotton, which is breathable and soft.  The shirt pairs well with white shorts, creating a complete, stylish, and relaxed outfit.","Shirts","casual","Polo","Dark Brown-Brown, White-White","casual, printed, men's, shirt, shorts, summer, fashion","XXL, XXXL, M, XL"
"da0a0888-f649-4186-8cc0-e6519eb8638a","Men's Grey Turtleneck Sweater","Men's grey turtleneck sweater.  This casual, classic sweater is made from soft cotton and features a relaxed fit. It's available in a charcoal gray color with black accents. Perfect for everyday wear.","Sweaters","casual","Gucci","Dim Gray-Gray, Charcoal Black-Black","men's, turtleneck, sweater, grey, casual, classic, relaxed fit","XS, L, M, XXL"
"59f4a417-0199-481b-80cb-756e61913e45","Oversized Denim Jacket","Oversized denim jacket, casual style, featuring steel blue color with black accents and button-up closure, made of denim material.","Jackets","casual","Calvin Klein","Steel Blue-Blue, Black-Black","oversized, denim, casual, jacket, men's, zippers, button_up","L, XS, M, XXL"
"48e81b8d-3c5d-431d-9cda-aa2c43f0dec2","Mustard Yellow V-Neck Sweater","A casual mustard yellow v-neck sweater made of wool. This sweater is perfect for a relaxed look. The mustard yellow color is vibrant and the wool material is comfortable. ","Sweaters","casual","Tie House","Mustard Yellow-Yellow","sweater, v_neck, men's, casual, Mustard Yellow","XXXL, L, M, S"
"69830891-2412-4e70-9190-9f2b2ea3ebb4","Men's Plain Long-Sleeve T-Shirt","Men's plain long-sleeve T-shirt in charcoal gray. Casual style, suitable for everyday wear. Made of cotton.","Shirts","casual","Polo","Charcoal Gray-Gray","men's, long sleeve, plain, casual, everyday, round, t-shirt","XS, L, S, XL"
"148aa222-c22c-4f58-a68a-b8143c838d9d","Men's Grey V-Neck Cable Knitted Vest","Men's grey v-neck cable knitted vest. The vest is made of wool and features a cable knit pattern. The style is formal. Colors are mostly slate gray and white.","Sweaters","formal","Levi's","Slate Gray-Gray, White-White","men's, grey, v-neck, cable knit, vest, formal, casual, sweater, knit","XS, XXXL, S, XXL"
"8d6cba6a-8716-4906-bc42-305298312c28","Men's Navy Blue Casual Pants","These are men's navy blue casual pants. They feature a relaxed fit, making them perfect for everyday wear. The pants are made of comfortable cotton material, offering a soft feel against the skin. The navy blue color is a versatile choice that complements a wide range of outfits.","Pants","casual","Gucci","Navy-Blue","casual, men's, pants, navy blue, relaxed fit, everyday, cotton","XS, S, M, L"
"f4f0ba5c-c33b-41b4-bbfc-f0e0cf7d4f30","Beige Linen Casual Pants","These are beige linen casual pants.  They feature a relaxed fit, making them perfect for everyday wear.  The material is breathable and comfortable, and the neutral beige color pairs well with many tops.  The casual style makes them suitable for a variety of occasions.","Pants","casual","American Eagle","Beige-Brown","casual, linen, pants, men's, beige, relaxed fit, everyday","S, L, XL, XXL"
"482fec18-e853-42a9-9088-d4bce11e9c79","Fear of God State Hoodie","Off-white Fear of God State hoodie featuring a graphic print, oversized fit, and relaxed style. Made of cotton, with a hood and long sleeves.  Dark gray accents.","Hoodies","casual","Gucci","Beige-Brown, Dim Gray-Gray","casual, hooded, oversized, graphic print, men's, cotton, relaxed fit","S, XS, XXL, L"
"4fd48469-2588-47a9-8178-b429b6985ea5","Men's Suede Jacket","Men's Suede Jacket in Dark Olive Green. Featuring long sleeves, zip-up closure, and practical pockets. The jacket is made of high-quality suede material with a casual style perfect for everyday wear.","Jackets","casual","Prada","Olive Green-Green, Black-Black","casual, suede, men's, jacket, long sleeve, pockets, zip_up","XXL, S, XS, M"
"7858a0b2-dc99-4066-b923-d06490c76e72","Tommy Hilfiger Men's Quilted Jacket","A stylish and warm Tommy Hilfiger men's quilted jacket, perfect for winter.  Featuring a casual design, the jacket is made of polyester and has a dark gray color, with a slight hint of light gray. This jacket is suitable for everyday wear and comes with a padded design. ","Jackets","casual","Levi's","Dusty Grey-Gray, Light Gray-Gray","Tommy Hilfiger, quilted, jacket, men's, casual, winter, padded","S, XXL, M, XL"
"969b64d4-d0c4-4d13-9437-3965b4f43066","Adidas Men's Fleece Hoodie","This men's fleece hoodie is a casual and sporty option. Featuring a dusty blue color, it's perfect for everyday wear and boasts a graphic print. The fleece material provides warmth and comfort, while the relaxed fit ensures a stylish look. This casual hoodie is perfect for all types of casual occasions.","Hoodies","casual","Levi's","Dusty Blue-Blue, Light Gray-Gray","hoodie, men's, fleece, casual, sporty, athleisure, graphic print","L, XXL, S, XXXL"
"01cbc3a6-95bb-498f-a770-9d09574d34d0","Men's Black Hooded Denim Jacket","This is a men's casual black hooded denim jacket.  It is made of cotton and features a hooded design.  The jacket is a casual style. The color is black.","Jackets","casual","Levi's","Black-Black","casual, men's, denim, black, hooded, jacket, cotton","XL, M, L, S"
"090fb8b6-e4da-42c9-83da-923138499193","Dark Grey Leather Biker Jacket","This is a dark grey leather biker jacket. It's a casual style jacket, perfect for everyday wear. The jacket is made of leather, featuring a zip-up closure and a variety of pockets and zippers. It's available in dark grey.","Jackets","casual","Uniqlo","Dark Grey-Gray","leather, biker, jacket, men's, casual, dark grey, vintage","XL, M, XXL, S"
"79638bd4-9f5a-4e8e-b9c9-8627329a358e","Men's Beige Casual Jacket","Men's beige casual jacket. This jacket is made of cotton and has a zip-up closure. The style is casual and the color is beige. It is a good option for everyday wear.","Jackets","casual","Adidas","Beige-Brown","casual, men's, jacket, beige, zip_up, bomber","XXL, XL, L, XXXL"
"6334e34e-146c-4dbd-9f46-c38e45e7f53b","Men's Black Leather Biker Jacket","This is a men's black leather biker jacket. It is casual in style and features leather material. The jacket is a solid black color.","Jackets","casual","DeFacto","Black-Black","leather, biker, black, jacket, men's, casual, trendy","XS, M, XXL, S"
"9d410922-c01a-4817-9ad0-22ffbece7bb2","Men's Blue Hooded Jacket","A stylish casual blue hooded jacket, perfect for everyday wear.  Featuring a zip-up closure and a comfortable fit, this jacket is made of polyester.","Jackets","casual","TownTeam","Sky Blue-Blue","casual, Hooded, jacket, zip-up, sporty, blue, men's","S, XS, L, M"
"fac9bd1a-c523-4200-87f8-f86872a16a92","Men's Olive Green Zip-up Jacket","Men's olive green zip-up jacket, casual style, made of polyester.  The jacket is a solid color with a zip-up closure. This is a versatile jacket perfect for everyday wear.","Jackets","casual","American Eagle","Olive Green-Green","men's, olive green, zip-up, jacket, casual","XL, M, S, XXXL"
"e07287a1-e1d8-421b-a10b-551294cae84f","Men's Burgundy Crewneck Sweatshirt with Light Beige Pants","Men's Burgundy crewneck sweatshirt, featuring a relaxed fit and long sleeves. This casual sweatshirt is paired with a light beige, relaxed-fit pants. It is made from cotton.","Hoodies","casual","Nike","Wine Red-Red, Beige-Brown","casual, men's, crewneck, sweatshirt, burgundy, light beige, pants, relaxed fit, cotton","XS, M, XL, L"
"6465eb42-7e00-43d6-aeee-daa565960b3e","Men's Gray Oversized Hoodie","Men's gray oversized hoodie, made of cotton. Casual style, perfect for everyday wear. Features a relaxed fit, a drawstring hood, and large front pockets. The hoodie is a solid charcoal gray color.","Hoodies","casual","Lacoste","Charcoal Gray-Gray","men's, hoodie, oversized, casual, cotton, gray, hooded","XL, M, L, S"
"1963226e-0f26-46cf-a7ab-487089f34a56","Dark Teal Hoodie","Dark teal colored hoodie, long-sleeved, casual style, plain design, made of cotton.","Hoodies","casual","Uniqlo","Teal-Green","hoodie, men's, casual, dark teal, plain, long sleeve, hooded","XXL, XL, S, XXXL"
"fd16ed31-423f-4773-8a69-40067f10219e","Black and White Asymmetrical Midi Dress","A formal black and white asymmetrical midi dress. The dress features a black top section with long sleeves and a round neckline.  The lower section is white with a pleated design. The dress is made of polyester and suitable for formal events like weddings, parties, or special occasions.","Dresses","formal","Nike","Black-Black, White-White","black, white, asymmetrical, midi, dress, formal, elegant, long sleeve","S, M, XS, XL"
"8ba82953-094d-4d27-9fb7-26e5d6740014","Red Polka Dot Midi Dress","A beautiful red midi dress featuring a polka dot print. The dress has a ruffle detail on the shoulders and a fitted bodice, flowing into a midi skirt. The dress is made of cotton and is perfect for casual summer days, special events or a beach holiday. The dress is a versatile piece that can be dressed up or down, making it perfect for any occasion. It's red with white polka dots.","Dresses","casual","Gucci","Scarlet-Red, White-White","polka dot, midi, dress, red, casual, women's, summer, cotton, ruffle","XS, S, XXXL, M"
"87ec2af8-773c-443c-8ab6-a7a2cbfef87e","Striped Midi Dress","A women's midi dress featuring a striped pattern in a mix of red, orange, yellow, and brown hues.  The dress has a sleeveless design and a classic fit.  The material appears to be cotton.  This dress is ideal for casual outings during the fall.","Dresses","casual","Tie House","Scarlet-Red, Coral-Orange, Khaki-Yellow, Saddle Brown-Brown, White-White","midi, dress, striped, casual, fall, women's, multicolor","XXXL, XXL, XL, M"
"00c9186e-54a3-43ef-9310-349a33768a4a","Beige Winter Trench Coat","A classic beige winter trench coat, featuring a warm, faux fur hat and matching scarf. The coat is made of wool and is perfect for keeping you warm during the cold winter months. The coat has a belted waist and is a relaxed fit. It's a great casual coat for everyday wear.","Jackets","casual","Tie House","Beige-Brown, Light Gray-Gray","winter, coat, trench, casual, warm, beige, fur, accessories","L, XXXL, M, XS"
"5cd2febc-fa0a-4a03-90ad-c81e0f72c9c3","Brown Leather Biker Jacket","Brown Leather Biker Jacket, casual style, made of 80% Saddle Brown Leather and 20% Black Leather. Perfect for everyday wear.","Jackets","casual","DeFacto","Saddle Brown-Brown, Black-Black","leather, jacket, biker, brown, casual, men's, fashion","XXL, XS, S, XXXL"
"1ac7ade6-b36a-427e-8772-d7ddb412d1a9","Halloween Graphic Print Black Sweatshirt with Mustard Yellow Skirt","A casual women's Halloween graphic print black sweatshirt. The sweatshirt features a graphic design of Halloween symbols and the word ""HAPPY HALLOWEEN"". It's paired with a mustard yellow, midi-length pleated skirt. The clothing is made of cotton and it's a perfect casual outfit for fall.","Shirts","casual","Tie House","Black-Black, Mustard Yellow-Yellow","halloween, graphic print, casual, sweatshirt, skirt, mustard yellow, black, women's, fall","M, S, XXL, L"
"62ec58e9-ec50-45d0-87cc-048c13c6abb3","Men's Casual Black Jacket","This is a men's casual black jacket, suitable for everyday wear. It features a sporty style and is made of polyester. The jacket is a solid black color and has white stripes on the cuffs. The jacket has a zip closure.","Jackets","casual","Forever 21","Black-Black","casual, jacket, men's, black, windbreaker, sporty, everyday","L, S, XL, XXXL"
"5598dc37-0d90-415d-948c-529184ebe9dc","Men's Zip-Up Cardigan","Men's zip-up cardigan with a relaxed fit. The cardigan is made of wool and features a color-block design with gray, charcoal black, and light gray stripes. It is perfect for everyday wear, and is a casual style.","Jackets","casual","Dior","Light Gray-Gray, Charcoal Black-Black, Dim Gray-Gray","casual, men's, cardigan, zip-up, color block, long sleeve, relaxed fit","L, XS, XXXL, S"
"8c5b86d6-314e-43f9-9a01-737c8857890e","Men's Faux Fur Trimmed Parka","Men's casual parka, featuring a stylish faux fur trim around the hood and a relaxed fit. The dark navy parka is made of polyester, providing excellent warmth for winter weather. The coat is perfect for casual occasions.","Jackets","casual","Prada","Black-Black, Brown-Brown","men's, parka, faux fur, winter, casual, hooded, coat","XS, XXL, L, S"
"43e4a909-f43c-45bc-a44e-6b391ab5f2c7","Columbia Men's Jacket","This Columbia men's jacket is designed for outdoor activities. It features a sporty style with a combination of royal blue and navy colors. The jacket is insulated and made of down material, providing warmth in cold weather. It is suitable for winter and outdoor use. The jacket is perfect for athletic and outdoor activities, featuring a padded design for warmth. It has a royal blue base color and navy blue accents on the sleeves and hood.","Jackets","Sporty","Uniqlo","Royal Blue-Blue, Navy-Blue","Jacket, Men's, Winter, Outdoor, Warm, Insulated, Down, Sporty","XXL, XL, XS, XXXL"
"4c763926-779f-4da5-a14a-ecc728e009ad","Men's Casual Faux Leather Jacket","This men's casual faux leather jacket features a brown color with a white sherpa collar. It's casual with pockets and zippers. The jacket is perfect for everyday wear.","Jackets","casual","DeFacto","Saddle Brown-Brown, White-White","casual, men's, faux leather, jacket, brown, zippers, pockets","XXXL, XXL, XL, L"
"ea97f79d-f891-423c-b950-006a6ad44e05","Grey Hooded Jacket","A grey hooded jacket, featuring a zip-up closure.  The jacket is a casual style, ideal for casual wear. It is made of polyester and has a sporty design. It includes a hood and pockets. The jacket's color is predominantly charcoal gray with small details in white.","Jackets","casual","Zara","Charcoal Gray-Gray, White-White","casual, hooded, men's, jacket, grey, winter, sporty, zip_up","XXL, M, XXXL, L"
"e309ff71-5632-4109-8a3e-1c669e912639","Men's Silver Fox Fur Jacket","A stylish and warm men's silver fox fur jacket, perfect for winter. The jacket features a casual style with light gray fur and black accents. It's made of high-quality silver fox fur, offering excellent warmth and comfort. The jacket is ideal for casual wear and special occasions.","Jackets","casual","TownTeam","Light Gray-Gray, Black-Black","men's, silver fox, fur, jacket, winter, casual, luxury","XL, L, M, S"
"05ddcb84-81cd-403a-925e-f9f8a954e5a1","Men's Navy Blue Bomber Jacket","This is a casual navy blue bomber jacket for men. It has a relaxed fit, zippers, and is made from polyester. The jacket is navy blue with a hint of light gray. This jacket is perfect for everyday wear and is available in sizes XS to XXXL.","Jackets","casual","Levi's","Navy-Blue, Light Gray-Gray","bomber, casual, navy blue, men's, jacket, zippers, relaxed fit","XXL, S, XS, XXXL"
"aa187938-db34-4e36-baf6-589b5fb2be0e","Men's Gray Oversized Trench Coat","Men's oversized gray trench coat. This casual/formal coat is made of wool and features a classic trench style with a relaxed fit, perfect for everyday wear.","Jackets","casual","Chanel","Dusty Grey-Gray","casual, formal, men's, trench, oversized, coat, grey","XS, M, L, S"
"ca164836-aff7-4cf3-9cdf-d553e470e6ce","Floral Print Midi Dress","A beautiful floral print midi dress in a beige color. This dress features a comfortable cotton material and is perfect for a casual daytime outing. The dress also has a midi length and comes in an assortment of colors. Floral print is a popular trend that can be worn in different settings such as everyday, work and party.","Dresses","casual","Chanel","Tomato-Red, White-White, Blush-Pink","floral print, midi, dress, casual, women's, cotton, printed","XXXL, XXL, XL, M"
"d1722d1e-0fc5-4bfd-8578-35bf89022fae","Midi Length Pleated Skirt","Midi length pleated skirt in a light olive green color.  Made of cotton.  Casual everyday style.  Features prominent pleats and a flattering fit.","Skirts","casual","Tie House","Olive-Green, White-White","midi, pleated, skirt, casual, everyday","XXL, XL, L, XS"
"43c7f1b0-1604-4747-8fe5-7995e9b8c794","Brown Midi Pleated Skirt","A beautiful brown midi pleated skirt perfect for everyday wear.  The skirt features a pleated design and a relaxed fit, making it comfortable and stylish. It is made of cotton material and comes in a rich brown color.  The skirt is ideal for pairing with a simple white top for a casual yet elegant look.","Skirts","casual","Chanel","Saddle Brown-Brown, White-White","midi, pleated, skirt, brown, casual, everyday, winter","XS, XXXL, S, XL"
"562f1b7a-89ab-489c-937c-5bd32d36a676","Patchwork Green Vest","A stylish and unique patchwork green vest.  Made from a combination of cotton and linen fabrics. The vest features a patchwork design in shades of green and gray, giving it a rustic and handmade look. Perfect for a casual yet sophisticated look during fall and winter. This vest is versatile for layering and can be dressed up or down.","Jackets","casual","Gucci","Forest Green-Green, Sea Green-Green, Slate Gray-Gray, White-White","patchwork, vest, green, casual, handmade, unique, linen, cotton, fall, winter","XL, XS, S, XXL"
"d0bb6941-170d-4186-ad01-eb733626fec3","Oversized Zip-Up Hoodie","An oversized zip-up hoodie in a stylish slate blue color, featuring a relaxed fit. Made of comfortable cotton material. This casual hoodie is perfect for everyday wear.","Hoodies","Casual","Calvin Klein","Slate Blue-Blue, White-White","oversized, zip-up, hoodie, casual, trendy, athleisure, long sleeve, cotton","XXXL, XL, L, M"
"54348502-5b9c-42ac-b0d8-b995248047c3","Multicolor Color Block Knitted Sweater with Sneakers","A casual multicolor color block knitted sweater in forest green, blush pink, and mustard yellow.  It features an oversized fit and is paired with high-top sneakers with animal print. The sweater is made from cotton.  The outfit is perfect for a casual everyday look.","Sweaters","casual","Louis Vuitton","Forest Green-Green, Blush-Pink, Mustard-Yellow, White-White","color block, casual, trendy, oversized, sweater, sneakers, high top sneakers, animal print","XS, L, XL, M"
"66d57d05-6aea-4968-ade1-7dd1f6258103","Casual Linen Button-Down Jacket","A casual, relaxed-fit linen button-down jacket in a natural brown color. The jacket features a collared neckline, button closures, and practical pockets.  Perfect for everyday wear. The material is linen, known for its breathability and soft texture.","Jackets","casual","Polo","Brown-Brown, Linen-White","casual, linen, button-down, jacket, women's, brown, relaxed fit, everyday","XXXL, L, XS, XXL"
"6a065481-256c-4ab2-9e4a-daffd9c56689","Multi-Colored Patchwork Jacket","This colourful patchwork jacket features a unique patchwork design.  The jacket is in an oversized, cropped style. It is casual and perfect for everyday wear. The jacket is made of cotton and it is perfect for any season. The colors include various shades of Red, Orange, Yellow, Green, Blue, Purple, Brown and White. This jacket is available in different sizes, making it a versatile choice for a multitude of women.","Jackets","casual","Chanel","Firebrick-Red, Dark Orange-Orange, Gold-Yellow, Forest Green-Green, Sky Blue-Blue, Plum-Purple, Saddle Brown-Brown, Floral White-White, Brown-Brown","patchwork, floral, vintage, casual, oversized, cropped, women's","XXXL, XS, L, XXL"
"7da04127-c752-4df8-8e0d-c86421821a3b","Denim and Sherpa Jacket","This casual denim and sherpa jacket features a button-up front with denim sleeves and a sherpa body. It is a trendy jacket perfect for everyday wear. The jacket has pockets and comes in a beige and denim color combination. The denim and sherpa material provides a comfortable and stylish look for any occasion.","Jackets","casual","Zara","denim-Blue, Beige-Brown","casual, trendy, denim, sherpa, jacket, button up, pockets","L, S, XL, XXXL"
"5c601458-19d8-4beb-9f16-05328cf37ade","Light Blue Midi Dress","Light Blue midi dress with puff sleeves. Casual style.  Made of cotton.  The dress has light blue color with a touch of off-white.  A casual style perfect for everyday wear.","Dresses","casual","Forever 21","Light Blue-Blue, Beige-Brown","casual, midi, dress, light blue, long sleeve, puff sleeve, cotton","XXL, XXXL, XS, XL"
"7686ba95-9d3c-4bf4-a00a-e7e25b87fa35","Beige Oversized Cardigan","Beige oversized cardigan with long sleeves and a V-neck.  The cardigan has button closure and side pockets.  Made from cotton, with a casual style.  It is predominantly beige with a small amount of white.","Jackets","casual","Chanel","Beige-Brown, White-White","casual, oversized, cardigan, beige, v_neck, long sleeve, cotton","XL, XS, L, XXL"
"1242f571-23fb-4098-8a12-eacb27836e83","Beige Button-Up Sleeveless Vest","A stylish beige sleeveless vest with button-up closure. Perfect for everyday casual wear. Made of soft cotton material and features a relaxed fit. This vest includes a black top underneath.","Jackets","casual","TownTeam","Beige-Brown, Black-Black","beige, sleeveless, vest, button-up, casual, everyday, trendy","XXL, L, XL, S"
"fd318ab5-ea94-47bf-b360-76002347f3ec","Beige Knitted Cardigan with Pleated Skirt","A beautiful beige knitted cardigan with a pleated skirt. This set is perfect for a casual everyday look, ideal for fall or autumn. The cardigan is made of soft cotton and the skirt is pleated. The set comes in camel beige and light beige.","Jackets","casual","Calvin Klein","Tan-Brown, Beige-Brown","cardigan, knitted, pleated skirt, beige, casual, everyday, women's, fall, autumn","XXXL, L, M, XXL"
"ef5d2ce0-4a79-4458-9f14-26f4bf4b583c","Grey Plaid Quilted Jacket","This is a stylish and casual grey quilted jacket with a plaid pattern. It features button closures, an oversized fit, and has a quilted design that makes it warm. Perfect for everyday wear.","Jackets","casual","Gucci","Dusty Grey-Gray, Purple-Purple","grey, plaid, quilted, jacket, casual, oversized, buttoned, women's","XXXL, XXL, M, S"
"fffa83ca-a86b-4616-9da2-0a894f6cd17b","Women's Casual Quilted Jacket","This women's casual quilted jacket is made of cotton, features an oversized, relaxed fit, and long sleeves.  It's black with a subtle khaki accents. Perfect for everyday wear.","Jackets","casual","H&M","Black-Black, Khaki-Yellow","casual, quilted, jacket, women's, cotton, oversized, long sleeve, relaxed fit","S, M, L, XL"
"2e590e81-1e0d-4a80-b79a-4392c1f42560","Women's Green Corduroy Lace Trimmed Jacket","Women's green corduroy jacket with a lace trim.  The jacket is casual style, with a button front and long sleeves. The jacket is made of corduroy and has a dark green color with a 10% off-white lace trim. The jacket is suitable for everyday wear.","Jackets","casual","Uniqlo","Dark Green-Green, Beige-Brown","corduroy, lace, jacket, women's, casual, vintage, green","XXL, L, XS, S"
"adfa6507-3f47-4ca2-9f27-b359e7361a84","White Cartoon Bear T-Shirt","White cotton t-shirt featuring a cartoon bear graphic design. The shirt has short sleeves and a casual style. The shirt is predominantly white with a small portion of light pink color used for the bear design. The shirt is suitable for everyday wear.","Shirts","casual","Zara","White-White, Light Pink-Pink","casual, trendy, graphic print, short sleeve, cotton, cartoon, bear, white","XXXL, S, L, M"
"82a64a6d-6058-4d55-b9ca-49953b14633e","Graphic Print White T-Shirt","A casual, women's white t-shirt featuring a graphic print design in a variety of vibrant colors including white, hot pink, blush, lemon, and lime green. The colors combine a modern design with the message ""Do more of what makes you happy."" The shirt is a relaxed fit, short sleeve, made of cotton.","Shirts","casual","Chanel","White-White, Hot Pink-Pink, Blush-Pink, Lemon-Yellow, Lime Green-Green","graphic print, casual, everyday, short sleeve, white, cotton, printed, trendy, women's","XXXL, M, L, XXL"
"897f5bba-e991-4e22-b91c-2c5f59c7b895","Beige Ribbed Knitted Top","A comfortable and stylish beige ribbed knitted top perfect for everyday wear. The top features a relaxed fit and long sleeves. The natural beige color complements various outfits. The cotton material makes it soft and breathable.","Sweaters","casual","DeFacto","Beige-Brown, Linen-White","beige, ribbed, knitted, top, casual, everyday, women's","M, S, XXL, XL"
"494325e1-dd03-47c8-895d-f61d84a3373e","Women's Casual V-Neck Button-Up Jacket","A stylish casual V-neck button-up jacket for women, featuring a relaxed fit and practical pockets.  The jacket is a vibrant denim blue color with off-white accents. It's made of polyester material, making it comfortable and durable. A casual style that can be paired with various bottoms for different occasions.","Jackets","casual","TownTeam","Denim Blue-Blue, Off White-White","casual, v_neck, button_up, jacket, women's, blue, pockets","XL, XXXL, XS, XXL"
"e7dcadf6-e071-4b1a-ba95-9087b38113ca","Teal Corduroy Jacket with Ethnic Print","A teal corduroy jacket featuring a unique ethnic print design. The jacket is button-up style with patch pockets, showcasing a bohemian style. It is made of corduroy material with a combination of teal and brown and peach colors, making it perfect for casual wear. ","Jackets","bohemian","Chanel","Teal-Green, Saddle Brown-Brown, Peach-Orange","corduroy, jacket, ethnic print, teal, button-up, casual, bohemian","L, M, XXL, S"
"dcded05c-fec1-44b1-b927-f62137030e30","Vintage Brown Tweed Vest","Vintage brown tweed vest with relaxed fit. This everyday vest features a classic vintage design with a button-up closure. The brown tweed material and subtle off-white accents give this garment a timeless appeal. Perfect for both casual wear and special occasions.","Jackets","vintage","Adidas","Saddle Brown-Brown, Linen-White","vintage, casual, tweed, brown, vest, relaxed fit, everyday","XS, L, XXXL, XXL"
"25f05c37-c8de-48cb-bb48-ed39979894a4","Cropped Corduroy Jacket with Plaid Panel","A trendy, cropped corduroy jacket featuring a unique design. The jacket's upper portion is made of a rich brown corduroy, while a panel of plaid fabric is incorporated into the lower section. This creates a visually appealing contrast and distinctive style.  The jacket boasts relaxed fit, balloon sleeves, and button closures. This item is perfect for adding a touch of contemporary flair to casual outfits, and also for pairing with jeans and other trendy bottom wears.  The material is corduroy, a comfortable and durable fabric. The jacket is in a casual style.","Jackets","casual","Polo","Cinnamon-Brown, Beige-Brown, Dusty Grey-Gray","casual, trendy, corduroy, cropped, plaid, jacket, women's","XL, L, XXL, M"
"7f09bdb0-f9a3-45d2-b707-c47777fc715c","Beige Corduroy Button-Up Jacket with Teddy Bear Patch","A beige corduroy button-up jacket with a teddy bear patch on the pocket. The jacket has long sleeves, a collared neckline, and button closure. It is made of corduroy material. This jacket is perfect for casual outings or everyday wear. The colors are beige and brown.","Jackets","casual","Calvin Klein","Beige-Brown, Brown-Brown","corduroy, jacket, beige, button-up, teddy bear, patch, casual","L, M, XXXL, S"
"85d5d7d1-9fde-4d66-a38b-b9296545f606","Cream Sherpa Jacket","Cream sherpa jacket with a relaxed fit, perfect for everyday wear in the winter.  The jacket features a casual style and is made of faux fur material.","Jackets","casual","Adidas","Linen-White","casual, relaxed fit, winter, everyday, cream, faux fur, sherpa","L, M, XL, S"
"caf26214-2368-4945-bf44-75bcd4d8c174","Summer Skirt with Knitted Top","This floral print midi skirt is perfect for summer. Made of cotton, it's casual and comfortable. The skirt features a beautiful floral pattern on a black background with pops of colors. It can be paired with a coordinating knitted top, adding a touch of style and comfort.","Skirts","casual","Nike","Crimson-Red, Sky Blue-Blue, Blush-Pink, Fuchsia-Pink, Honey-Yellow, Lemon-Yellow, Sea Green-Green, Saddle Brown-Brown, Black-Black, White-White","floral, summer, skirt, casual, black, floral print, midi","S, XL, XXL, L"
"6d89e239-a689-4ae3-9b52-625b7c705c5b","Brown Turtleneck Set","A casual brown turtleneck set with long sleeves, perfect for fall. The set is made of cotton and consists of a turtleneck top and pants in a saddle brown colour with some white details","Hoodies","casual","Calvin Klein","Saddle Brown-Brown, White-White","turtleneck, casual, everyday, brown, set, long sleeve, fall","L, XS, S, M"
"6e4be0cb-ca14-4562-adea-7c878d5ea79d","Vintage Plaid Midi Skirt","A vintage-inspired midi skirt with a brown and beige plaid pattern. The skirt is made of wool and features a high waist and pleated details. The design is classic and suitable for formal events or everyday wear. The skirt's brown tones make it suitable for cooler weather.","Skirts","vintage","Calvin Klein","Saddle Brown-Brown, Beige-Brown, Firebrick-Red","vintage, plaid, midi, skirt, brown, checkered, formal, wool","L, XXL, XL, S"
"211c72ed-4e12-4de0-aef4-2112a470140a","Black Knitted Cropped Cardigan with Black and White Printed Skirt","A stylish casual outfit consisting of a black cropped knitted cardigan and a black and white printed skirt. The cardigan features a relaxed fit, perfect for everyday wear. The skirt has a geometric pattern, creating a trendy touch to the outfit. The outfit is made of cotton and perfect for a casual look. It is made with black and white colours.","Shirts","casual","Adidas","Black-Black, White-White","casual, trendy, black, white, cropped, cardigan, knit, printed, skirt, pattern, geometric","L, XL, XS, M"
"435445f4-6c19-4b31-a56f-9c5d8954246e","Anime Cat on a Broomstick Short Sleeve T-Shirt","A casual short-sleeve t-shirt featuring an anime design of a black cat riding on a broomstick. The shirt is light pink with various graphic elements, including a black cat and a broomstick. The style is relaxed and casual. The material is 100% cotton.","Shirts","casual","Zara","Light Pink-Pink, Black-Black, Brown-Brown","anime, cat, broomstick, graphic print, short sleeve, casual, cotton, pink","M, S, XXL, L"
"22941fab-a22e-4b14-9a52-e0aee3d61401","Yellow Cat Print Long Sleeve Shirt","This is a yellow long sleeve shirt with a graphic print of cats. The shirt is casual style, perfect for everyday wear. It is made of polyester and available in canary yellow color with black prints of cats. This garment is appropriate for everyday occasions.","Shirts","casual","Chanel","Canary Yellow-Yellow, Black-Black","casual, graphic print, long sleeve, yellow, cats, shirt, women's","M, XS, XXXL, XL"
"c48da84b-8e0c-44cb-8134-b983490b1a69","Asymmetrical Plaid Button-Down Shirt","This asymmetrical plaid button-down shirt is designed with a unique blend of colors and patterns. The shirt features a casual style and is perfect for everyday wear. The top portion of the shirt is a light beige, while the lower portion features a trendy plaid pattern in a combination of brown, gold, black, and crimson shades. The shirt is made of soft cotton material and has a relaxed fit. Its asymmetrical design and various colors make it a stylish addition to any wardrobe.","Shirts","casual","Dior","Crimson-Red, Saddle Brown-Brown, Gold-Yellow, Charcoal Black-Black","asymmetrical, plaid, button-down, shirt, casual, trendy, oversized","XS, XXXL, M, XXL"
"5f94b1c2-10e4-45f3-ad7a-75b5cf2d5dcf","Brown V-Neck Long Sleeve Shirt with Beige Pleated Skirt","This elegant casual women's long-sleeve shirt in a rich brown v-neck style is beautifully paired with a pleated beige skirt. The shirt boasts long sleeves and subtle buttons, creating a sophisticated and effortless look. The beige pleated skirt adds a touch of chic, complementing the brown shirt. The whole outfit is perfect for a relaxed everyday look.","Shirts","casual","Louis Vuitton","Saddle Brown-Brown, Beige-Brown","casual, long sleeve, brown, beige, pleated skirt, v-neck, shirt, women's","S, XS, XXL, M"
"15f1b7be-79eb-438f-b2c8-f8d5eca645e0","Brown Cropped Hoodie with Leopard Skirt Set","This cozy casual set includes a brown cropped hoodie and a leopard print skirt. The hoodie features a zip closure, while the skirt is a midi length. The set is perfect for fall or spring days. The hoodie is made of soft cotton and is available in a variety of sizes.","Hoodies","casual","Tie House","Saddle Brown-Brown, White-White, Black-Black","casual, brown, cropped, hoodie, leopard, skirt, set, fall","XS, S, M, XXL"